period,accounts,category,amount,month,running_total
21-01-2026,UPI,Other,75,2026-01,365442.66
21-01-2026,UPI,Food,38,2026-01,365442.66
20-01-2026,UPI,Food,8,2026-01,365329.66
19-01-2026,UPI,Transport,340.7,2026-01,365321.66
19-01-2026,UPI,Food,171,2026-01,365321.66
16-01-2026,UPI,Food,90,2026-01,364809.96
15-01-2026,UPI,Food,84,2026-01,364719.96
15-01-2026,UPI,Food,19,2026-01,364719.96
14-01-2026,UPI,Food,26,2026-01,364616.96
13-01-2026,UPI,Transport,600,2026-01,364590.96
13-01-2026,UPI,Transport,416,2026-01,364590.96
12-01-2026,UPI,Food,21,2026-01,363574.96
11-01-2026,UPI,Transport,340,2026-01,363553.96
11-01-2026,UPI,Party_Weekend,44,2026-01,363553.96
09-01-2026,UPI,Apparel,370,2026-01,363169.96
09-01-2026,UPI,Gift,65,2026-01,363169.96
09-01-2026,UPI,Food,15,2026-01,363169.96
09-01-2026,UPI,Food,35,2026-01,363169.96
09-01-2026,UPI,Food,19,2026-01,363169.96
09-01-2026,UPI,Beauty,332,2026-01,363169.96
08-01-2026,UPI,Food,23,2026-01,362333.96
07-01-2026,UPI,Food,16,2026-01,362310.96
06-01-2026,UPI,Food,75,2026-01,362294.96
05-01-2026,UPI,Food,10,2026-01,362219.96
04-01-2026,UPI,Beauty,854,2026-01,362209.96
03-01-2026,UPI,Transport,520,2026-01,361355.96
03-01-2026,UPI,Recharge,588,2026-01,361355.96
03-01-2026,UPI,Food,125,2026-01,361355.96
02-01-2026,UPI,Food,17,2026-01,360122.96
02-01-2026,UPI,Rent,11505,2026-01,360122.96
01-01-2026,UPI,Gift,300,2026-01,348600.96
01-01-2026,UPI,Food,1080,2026-01,348600.96
01-01-2026,UPI,Party,230,2026-01,348600.96
31-12-2025,UPI,Food,11,2025-12,346990.96
31-12-2025,UPI,Food,50,2025-12,346990.96
30-12-2025,UPI,Food,56,2025-12,346929.96
29-12-2025,UPI,Transport,180,2025-12,346873.96
29-12-2025,UPI,Food,12,2025-12,346873.96
29-12-2025,UPI,Food,14,2025-12,346873.96
29-12-2025,UPI,Food,92,2025-12,346873.96
28-12-2025,UPI,Transport,547,2025-12,346575.96
28-12-2025,UPI,Recharge,849,2025-12,346575.96
28-12-2025,UPI,Food,130,2025-12,346575.96
27-12-2025,UPI,Food,15,2025-12,345049.96
27-12-2025,UPI,Food,50,2025-12,345049.96
27-12-2025,UPI,Other,85,2025-12,345049.96
25-12-2025,Upi,Transport,227,2025-12,344899.96
24-12-2025,Upi,Food,182,2025-12,344672.96
24-12-2025,Upi,Party,144,2025-12,344672.96
24-12-2025,Upi,Gift,250,2025-12,344672.96
24-12-2025,Upi,Food,34,2025-12,344672.96
23-12-2025,Upi,Food,101,2025-12,344062.96
23-12-2025,Upi,Gift,120,2025-12,344062.96
22-12-2025,Upi,Food,473,2025-12,343841.96
22-12-2025,Upi,Food,26,2025-12,343841.96
22-12-2025,Upi,Health,1500,2025-12,343841.96
21-12-2025,Upi,Transport,532,2025-12,341842.96
19-12-2025,Upi,Food,37,2025-12,341310.96
19-12-2025,Upi,Food,16,2025-12,341310.96
18-12-2025,Upi,Food,16,2025-12,341257.96
18-12-2025,Upi,Food,30,2025-12,341257.96
17-12-2025,Upi,Food,19,2025-12,341211.96
16-12-2025,Upi,Party,855,2025-12,341192.96
16-12-2025,Upi,Food,55,2025-12,341192.96
16-12-2025,Upi,Gift,125,2025-12,341192.96
15-12-2025,Upi,Beauty,110,2025-12,340157.96
15-12-2025,Cash,Transport,504,2025-12,340157.96
14-12-2025,Upi,Food,80,2025-12,339543.96
13-12-2025,Upi,Food,35,2025-12,339463.96
12-12-2025,Upi,Food,21,2025-12,339428.96
12-12-2025,Upi,Food,12,2025-12,339428.96
11-12-2025,Upi,Food,24,2025-12,339395.96
10-12-2025,Upi,Food,25,2025-12,339371.96
10-12-2025,Upi,Food,11,2025-12,339371.96
10-12-2025,Upi,Food,60,2025-12,339371.96
09-12-2025,UPI,Food,16,2025-12,339275.96
09-12-2025,UPI,Food,10,2025-12,339275.96
08-12-2025,Upi,Food,10,2025-12,339249.96
08-12-2025,Upi,Food,16,2025-12,339249.96
07-12-2025,Upi,Transport,160,2025-12,339223.96
07-12-2025,Upi,Food,40,2025-12,339223.96
07-12-2025,Upi,Transport,160,2025-12,339223.96
06-12-2025,Upi,Food,321,2025-12,338863.96
06-12-2025,Upi,Transport,538,2025-12,338863.96
05-12-2025,Upi,Food,26,2025-12,338004.96
04-12-2025,Upi,Gift,209,2025-12,337978.96
04-12-2025,Upi,Food,16,2025-12,337978.96
04-12-2025,Upi,Food,10,2025-12,337978.96
03-12-2025,Upi,Recharge,588,2025-12,337743.96
03-12-2025,Upi,Food,21,2025-12,337743.96
02-12-2025,Upi,Rent,171,2025-12,337134.96
02-12-2025,Upi,Food,50,2025-12,337134.96
01-12-2025,Upi,Rent,11400,2025-12,336913.96
01-12-2025,Upi,Food,8,2025-12,336913.96
01-12-2025,Upi,Food,26,2025-12,336913.96
01-12-2025,Upi,Food,355,2025-12,336913.96
01-12-2025,Upi,Food,1100,2025-12,336913.96
01-12-2025,Upi,Recharge,588,2025-12,336913.96
30-11-2025,Upi,Food,203,2025-11,323436.96
29-11-2025,Upi,Transport,421,2025-11,323233.96
29-11-2025,Upi,Food,298,2025-11,323233.96
28-11-2025,Upi,Food,10,2025-11,322514.96
28-11-2025,Upi,Food,230,2025-11,322514.96
27-11-2025,Upi,Food,10,2025-11,322274.96
27-11-2025,Upi,Food,11,2025-11,322274.96
26-11-2025,Upi,Gift,204,2025-11,322253.96
25-11-2025,Upi,Food,413,2025-11,322049.96
24-11-2025,Upi,Food,11,2025-11,321636.96
24-11-2025,Upi,Food,25,2025-11,321636.96
23-11-2025,Upi,Transport,510,2025-11,321600.96
23-11-2025,Upi,Other,110,2025-11,321600.96
22-11-2025,Upi,Food,400,2025-11,320980.96
21-11-2025,Upi,Food,23,2025-11,320580.96
19-11-2025,Upi,Recharge,471,2025-11,320557.96
19-11-2025,Upi,Food,29,2025-11,320557.96
18-11-2025,Upi,Food,400,2025-11,320057.96
18-11-2025,Upi,Gift,400,2025-11,320057.96
18-11-2025,Upi,Food,72,2025-11,320057.96
17-11-2025,Upi,Food,10,2025-11,319185.96
16-11-2025,Upi,Transport,194,2025-11,319175.96
15-11-2025,Upi,Food,147,2025-11,318981.96
15-11-2025,Upi,Social Life,162,2025-11,318981.96
14-11-2025,Upi,Transport,503,2025-11,318672.96
14-11-2025,Upi,Food,92,2025-11,318672.96
13-11-2025,Upi,Food,11,2025-11,318077.96
12-11-2025,Upi,Transport,300,2025-11,318066.96
12-11-2025,Upi,Gift,198,2025-11,318066.96
11-11-2025,Upi,Transport,450,2025-11,317568.96
10-11-2025,Cash,Food,187,2025-11,317118.96
10-11-2025,Upi,Food,23,2025-11,317118.96
09-11-2025,Upi,Transport,100,2025-11,316908.96
09-11-2025,Upi,Food,385,2025-11,316908.96
08-11-2025,Upi,Transport,397,2025-11,316423.96
08-11-2025,Upi,Food,152,2025-11,316423.96
08-11-2025,Upi,Transport,385,2025-11,316423.96
06-11-2025,Upi,Food,140,2025-11,315489.96
06-11-2025,Upi,Food,74,2025-11,315489.96
06-11-2025,Upi,Transport,200,2025-11,315489.96
05-11-2025,Upi,Food,27,2025-11,315075.96
04-11-2025,Upi,Food,31,2025-11,315048.96
03-11-2025,Upi,Food,21,2025-11,315017.96
03-11-2025,Upi,Food,1100,2025-11,315017.96
01-11-2025,Upi,Rent,6149,2025-11,313896.96
01-11-2025,Upi,Recharge,588,2025-11,313896.96
01-11-2025,Upi,Transport,1400,2025-11,313896.96
01-11-2025,Upi,Transport,478,2025-11,313896.96
30-10-2025,Upi,Food,25,2025-10,305281.96
30-10-2025,Upi,Recharge,230,2025-10,305281.96
30-10-2025,Upi,Food,37,2025-10,305281.96
29-10-2025,Upi,Food,17,2025-10,304989.96
29-10-2025,Upi,Food,160,2025-10,304989.96
28-10-2025,Upi,Food,25,2025-10,304812.96
28-10-2025,Upi,Food,318,2025-10,304812.96
27-10-2025,Upi,Food,11,2025-10,304469.96
27-10-2025,Upi,Food,10,2025-10,304469.96
26-10-2025,Upi,Food,110,2025-10,304448.96
26-10-2025,Upi,Food,535,2025-10,304448.96
25-10-2025,Upi,Transport,200,2025-10,303803.96
24-10-2025,Upi,Food,414,2025-10,303603.96
23-10-2025,Upi,Food,19,2025-10,303189.96
22-10-2025,Upi,Food,21,2025-10,303170.96
21-10-2025,Cash,Food,21,2025-10,303149.96
21-10-2025,Upi,Transport,400,2025-10,303149.96
20-10-2025,Upi,Other,800,2025-10,302728.96
18-10-2025,Upi,Food,319,2025-10,301928.96
18-10-2025,Upi,Food,132,2025-10,301928.96
17-10-2025,Upi,Transport,200,2025-10,301477.96
17-10-2025,Upi,Gift,399,2025-10,301477.96
16-10-2025,Upi,Food,49,2025-10,300878.96
15-10-2025,Upi,Household,338,2025-10,300829.96
14-10-2025,Upi,Food,130,2025-10,300491.96
13-10-2025,Upi,Food,36,2025-10,300361.96
12-10-2025,Upi,Food,223,2025-10,300325.96
11-10-2025,Upi,Transport,380,2025-10,300102.96
11-10-2025,Upi,Food,160,2025-10,300102.96
10-10-2025,Upi,Food,11,2025-10,299562.96
10-10-2025,Upi,Food,10,2025-10,299562.96
09-10-2025,Upi,Food,110,2025-10,299541.96
07-10-2025,Upi,Food,36,2025-10,299431.96
06-10-2025,Upi,Food,140,2025-10,299395.96
06-10-2025,Upi,Food,10,2025-10,299395.96
05-10-2025,Upi,Recharge,859,2025-10,299245.96
03-10-2025,Upi,Food,25,2025-10,298386.96
01-10-2025,Upi,Recharge,340,2025-10,298361.96
01-10-2025,Upi,Food,1080,2025-10,298361.96
01-10-2025,Upi,Food,247,2025-10,298361.96
01-10-2025,Upi,Recharge,294,2025-10,298361.96
01-10-2025,Upi,Rent,6060,2025-10,298361.96
01-10-2025,Upi,Transport,300,2025-10,298361.96
01-10-2025,Upi,Food,300,2025-10,298361.96
30-09-2025,Upi,Household,671,2025-09,289740.96
30-09-2025,Upi,Transport,470,2025-09,289740.96
30-09-2025,Upi,Food,520,2025-09,289740.96
29-09-2025,Upi,Food,811,2025-09,288079.96
25-09-2025,Upi,Food,46,2025-09,287268.96
24-09-2025,Upi,Food,41,2025-09,287222.96
22-09-2025,Upi,Food,21,2025-09,287181.96
19-09-2025,Upi,Recharge,471,2025-09,287160.96
18-09-2025,Upi,Food,22,2025-09,286689.96
17-09-2025,Upi,Household,417,2025-09,286667.96
15-09-2025,Upi,Apparel,225,2025-09,286250.96
15-09-2025,Upi,Food,433,2025-09,286250.96
13-09-2025,Upi,Transport,400,2025-09,285592.96
11-09-2025,Upi,Food,60,2025-09,285192.96
09-09-2025,Upi,Food,36,2025-09,285132.96
08-09-2025,Upi,Transport,175,2025-09,285096.96
08-09-2025,Upi,Food,25,2025-09,285096.96
07-09-2025,Upi,Food,80,2025-09,284896.96
06-09-2025,Upi,Household,130,2025-09,284816.96
06-09-2025,Upi,Gift,1052,2025-09,284816.96
05-09-2025,Upi,Food,15,2025-09,283634.96
04-09-2025,Upi,Transport,300,2025-09,283619.96
04-09-2025,Upi,Food,175,2025-09,283619.96
03-09-2025,Upi,Food,100,2025-09,283144.96
03-09-2025,Upi,Food,25,2025-09,283144.96
03-09-2025,Upi,Recharge,588,2025-09,283144.96
02-09-2025,Upi,Food,30,2025-09,282431.96
01-09-2025,Upi,Transport,95,2025-09,282401.96
01-09-2025,Upi,Food,1080,2025-09,282401.96
01-09-2025,Upi,Food,35,2025-09,282401.96
01-09-2025,Upi,Rent,10517,2025-09,282401.96
29-08-2025,Upi,Transport,2790,2025-08,270674.96
27-08-2025,Upi,Gift,427,2025-08,267884.96
27-08-2025,Upi,Food,166,2025-08,267884.96
23-08-2025,Upi,Transport,400,2025-08,267291.96
23-08-2025,Upi,Transport,4200,2025-08,267291.96
22-08-2025,Upi,Transport,2100,2025-08,262691.96
21-08-2025,Upi,Apparel,833,2025-08,260591.96000000002
20-08-2025,Upi,Food,96,2025-08,259758.96000000002
19-08-2025,Upi,Recharge,471,2025-08,259662.96000000002
19-08-2025,Upi,Food,90,2025-08,259662.96000000002
18-08-2025,Upi,Food,181,2025-08,259101.96000000002
15-08-2025,Upi,Apparel,704,2025-08,258920.96000000002
12-08-2025,Upi,Apparel,356,2025-08,258216.96000000002
12-08-2025,Upi,Food,25,2025-08,258216.96000000002
10-08-2025,Upi,Apparel,499,2025-08,257835.96000000002
10-08-2025,Upi,Transport,400,2025-08,257835.96000000002
10-08-2025,Upi,Food,750,2025-08,257835.96000000002
08-08-2025,Upi,Food,35,2025-08,256186.96000000002
07-08-2025,Upi,Transport,314,2025-08,256151.96000000002
06-08-2025,Upi,Food,10,2025-08,255837.96000000002
05-08-2025,Upi,Gift,211,2025-08,255827.96000000002
04-08-2025,Upi,Food,214,2025-08,255616.96000000002
03-08-2025,Upi,Recharge,588,2025-08,255402.96000000002
03-08-2025,Upi,Food,210,2025-08,255402.96000000002
02-08-2025,Upi,Rent,649,2025-08,254604.96000000002
02-08-2025,Upi,Transport,501,2025-08,254604.96000000002
02-08-2025,Upi,Beauty,288,2025-08,254604.96000000002
01-08-2025,Upi,Food,900,2025-08,253166.96000000002
01-08-2025,Upi,Recharge,899,2025-08,253166.96000000002
31-07-2025,Upi,Food,1000,2025-07,251367.96000000002
31-07-2025,Upi,Food,127,2025-07,251367.96000000002
30-07-2025,Upi,Food,475,2025-07,250240.96000000002
29-07-2025,Upi,Food,45,2025-07,249765.96000000002
28-07-2025,Upi,Transport,400,2025-07,249720.96000000002
28-07-2025,Upi,Food,276,2025-07,249720.96000000002
28-07-2025,Upi,Food,11,2025-07,249720.96000000002
24-07-2025,Upi,Food,189,2025-07,249033.96000000002
24-07-2025,Upi,Household,824,2025-07,249033.96000000002
24-07-2025,Upi,Food,11,2025-07,249033.96000000002
24-07-2025,Upi,Apparel,390,2025-07,249033.96000000002
22-07-2025,Upi,Food,11,2025-07,247619.96000000002
21-07-2025,Upi,Transport,200,2025-07,247608.96000000002
21-07-2025,Upi,Food,30,2025-07,247608.96000000002
21-07-2025,Upi,Food,185,2025-07,247608.96000000002
20-07-2025,Upi,Recharge,471,2025-07,247193.96000000002
20-07-2025,Upi,Social Life,1500,2025-07,247193.96000000002
17-07-2025,Upi,Food,400,2025-07,245222.96000000002
17-07-2025,Upi,Food,145,2025-07,245222.96000000002
16-07-2025,Upi,Transport,400,2025-07,244677.96000000002
15-07-2025,Upi,Food,101,2025-07,244277.96000000002
10-07-2025,Upi,Food,31,2025-07,244176.96000000002
09-07-2025,Upi,Social Life,398,2025-07,244145.96000000002
09-07-2025,Upi,Health,300,2025-07,244145.96000000002
08-07-2025,Upi,Recharge,548,2025-07,243447.96000000002
08-07-2025,Upi,Food,140,2025-07,243447.96000000002
07-07-2025,Upi,Transport,447,2025-07,242759.96000000002
05-07-2025,Upi,Food,255,2025-07,242312.96000000002
05-07-2025,Upi,Recharge,588,2025-07,242312.96000000002
04-07-2025,Upi,Food,99,2025-07,241469.96000000002
02-07-2025,Upi,Household,428,2025-07,241370.96000000002
02-07-2025,Upi,Transport,491,2025-07,241370.96000000002
02-07-2025,Upi,Rent,11679,2025-07,241370.96000000002
01-07-2025,Upi,Food,45,2025-07,228772.96000000002
30-06-2025,Upi,Food,22,2025-06,228727.96000000002
25-06-2025,Upi,Transport,487,2025-06,228705.96000000002
25-06-2025,Upi,Food,60,2025-06,228705.96000000002
25-06-2025,Upi,Food,60,2025-06,228705.96000000002
23-06-2025,Upi,Food,30,2025-06,228098.96000000002
20-06-2025,Upi,Food,53,2025-06,228068.96000000002
19-06-2025,Upi,Food,80,2025-06,228015.96000000002
18-06-2025,Upi,Food,108,2025-06,227935.96000000002
17-06-2025,Upi,Beauty,350,2025-06,227827.96000000002
17-06-2025,Upi,Food,144,2025-06,227827.96000000002
17-06-2025,Upi,Food,100,2025-06,227827.96000000002
16-06-2025,Upi,Food,105,2025-06,227233.96000000002
15-06-2025,Upi,Transport,400,2025-06,227128.96000000002
15-06-2025,Upi,Beauty,852,2025-06,227128.96000000002
15-06-2025,Upi,Food,146,2025-06,227128.96000000002
12-06-2025,Upi,Food,60,2025-06,225730.96000000002
12-06-2025,Upi,Apparel,199,2025-06,225730.96000000002
12-06-2025,Upi,Food,90,2025-06,225730.96000000002
11-06-2025,Upi,Transport,300,2025-06,225381.96000000002
10-06-2025,Upi,Food,45,2025-06,225081.96000000002
10-06-2025,Upi,Food,54,2025-06,225081.96000000002
09-06-2025,Upi,Food,87,2025-06,224982.96000000002
08-06-2025,Upi,Recharge,1136,2025-06,224895.96000000002
07-06-2025,Upi,Transport,400,2025-06,223759.96000000002
07-06-2025,Upi,Other,550,2025-06,223759.96000000002
06-06-2025,Upi,Food,144,2025-06,222809.96000000002
05-06-2025,Upi,Education,259,2025-06,222665.96000000002
05-06-2025,Upi,Food,90,2025-06,222665.96000000002
05-06-2025,Upi,Food,30,2025-06,222665.96000000002
03-06-2025,Upi,Food,87,2025-06,222286.96000000002
02-06-2025,Upi,Transport,300,2025-06,222199.96000000002
02-06-2025,Upi,Food,121,2025-06,222199.96000000002
02-06-2025,Upi,Apparel,3999,2025-06,222199.96000000002
01-06-2025,Upi,Rent,11649,2025-06,217779.96000000002
30-05-2025,Upi,Food,20,2025-05,206130.96000000002
29-05-2025,Upi,Apparel,-210,2025-05,206110.96000000002
29-05-2025,Upi,Food,30,2025-05,206110.96000000002
29-05-2025,Upi,Household,246,2025-05,206110.96000000002
28-05-2025,Upi,Food,115,2025-05,206044.96000000002
27-05-2025,Upi,Food,64,2025-05,205929.96000000002
27-05-2025,Upi,Food,70,2025-05,205929.96000000002
25-05-2025,Upi,Beauty,210,2025-05,205795.96000000002
25-05-2025,Upi,Apparel,198,2025-05,205795.96000000002
25-05-2025,Upi,Transport,300,2025-05,205795.96000000002
25-05-2025,Upi,Food,1985,2025-05,205795.96000000002
24-05-2025,Upi,Other,424,2025-05,203102.96000000002
23-05-2025,Upi,Food,93,2025-05,202678.96000000002
22-05-2025,Upi,Food,11,2025-05,202585.96000000002
21-05-2025,Upi,Transport,300,2025-05,202574.96000000002
21-05-2025,Upi,Food,120,2025-05,202574.96000000002
21-05-2025,Upi,Recharge,219,2025-05,202574.96000000002
20-05-2025,Upi,Food,168,2025-05,201935.96000000002
20-05-2025,Upi,Food,25,2025-05,201935.96000000002
20-05-2025,Upi,Food,25,2025-05,201935.96000000002
20-05-2025,Upi,Food,168,2025-05,201935.96000000002
20-05-2025,Upi,Household,120,2025-05,201935.96000000002
18-05-2025,Upi,Other,100,2025-05,201429.96000000002
18-05-2025,Upi,Food,240,2025-05,201429.96000000002
18-05-2025,Upi,Recharge,471,2025-05,201429.96000000002
17-05-2025,Upi,Beauty,279,2025-05,200618.96000000002
15-05-2025,Upi,Food,40,2025-05,200339.96000000002
14-05-2025,Upi,Food,438,2025-05,200299.96000000002
13-05-2025,Upi,Food,16,2025-05,199861.96000000002
13-05-2025,Upi,Recharge,100,2025-05,199861.96000000002
08-05-2025,Upi,Food,150,2025-05,199745.96000000002
08-05-2025,Upi,Food,150,2025-05,199745.96000000002
08-05-2025,Upi,Transport,434,2025-05,199745.96000000002
08-05-2025,Upi,Apparel,25,2025-05,199745.96000000002
07-05-2025,Upi,Food,22,2025-05,198986.96000000002
07-05-2025,Upi,Food,218,2025-05,198986.96000000002
06-05-2025,Upi,Food,60,2025-05,198746.96000000002
06-05-2025,Upi,Food,22,2025-05,198746.96000000002
05-05-2025,Upi,Food,103,2025-05,198664.96000000002
03-05-2025,Upi,Recharge,589,2025-05,198561.96000000002
02-05-2025,Upi,Rent,11670,2025-05,197972.96000000002
30-04-2025,Upi,Food,1080,2025-04,186302.96000000002
29-04-2025,Upi,Food,50,2025-04,185222.96000000002
27-04-2025,Upi,Food,72,2025-04,185172.96000000002
27-04-2025,Upi,Other,999,2025-04,185172.96000000002
26-04-2025,Upi,Food,150,2025-04,184101.96000000002
25-04-2025,Upi,Transport,389,2025-04,183951.96000000002
24-04-2025,Upi,Food,16,2025-04,183562.96000000002
23-04-2025,Upi,Food,40,2025-04,183546.96000000002
23-04-2025,Upi,Recharge,220,2025-04,183546.96000000002
23-04-2025,Upi,Household,90,2025-04,183546.96000000002
22-04-2025,Upi,Food,357,2025-04,183196.96000000002
21-04-2025,Upi,Food,11,2025-04,182839.96000000002
20-04-2025,Upi,Food,150,2025-04,182828.96000000002
20-04-2025,Upi,Transport,300,2025-04,182828.96000000002
19-04-2025,Upi,Apparel,1098,2025-04,182378.96000000002
18-04-2025,Upi,Food,265,2025-04,181280.96000000002
18-04-2025,Upi,Recharge,470.82,2025-04,181280.96000000002
18-04-2025,Upi,Transport,100,2025-04,181280.96000000002
18-04-2025,Upi,Food,50,2025-04,181280.96000000002
18-04-2025,Upi,Apparel,699,2025-04,181280.96000000002
17-04-2025,Upi,Food,161,2025-04,179696.14
16-04-2025,Upi,Food,72,2025-04,179535.14
16-04-2025,Upi,Food,15,2025-04,179535.14
16-04-2025,Upi,Apparel,-2500,2025-04,179535.14
16-04-2025,Upi,Transport,300,2025-04,179535.14
15-04-2025,Upi,Apparel,399,2025-04,181648.14
15-04-2025,Upi,Food,15,2025-04,181648.14
15-04-2025,Upi,Food,35,2025-04,181648.14
14-04-2025,Upi,Food,11,2025-04,181199.14
13-04-2025,Upi,Beauty,401,2025-04,181188.14
13-04-2025,Upi,Food,215,2025-04,181188.14
13-04-2025,Upi,Recharge,219,2025-04,181188.14
13-04-2025,Upi,Food,125,2025-04,181188.14
12-04-2025,Upi,Transport,100,2025-04,180228.14
11-04-2025,Upi,Food,21,2025-04,180128.14
11-04-2025,Upi,Food,20,2025-04,180128.14
10-04-2025,Upi,Food,230,2025-04,180087.14
10-04-2025,Upi,Food,45,2025-04,180087.14
10-04-2025,Upi,Recharge,448,2025-04,180087.14
09-04-2025,Upi,Food,120,2025-04,179364.14
08-04-2025,Upi,Food,45,2025-04,179244.14
08-04-2025,Upi,Food,30,2025-04,179244.14
07-04-2025,Upi,Food,20,2025-04,179169.14
06-04-2025,Upi,Transport,300,2025-04,179149.14
06-04-2025,Upi,Apparel,550,2025-04,179149.14
05-04-2025,Upi,Household,318,2025-04,178299.14
04-04-2025,Upi,Food,31,2025-04,177981.14
04-04-2025,Upi,Transport,300,2025-04,177981.14
04-04-2025,Upi,Food,190,2025-04,177981.14
03-04-2025,Upi,Food,209,2025-04,177460.14
02-04-2025,Upi,Food,31,2025-04,177251.14
02-04-2025,Upi,Food,50,2025-04,177251.14
02-04-2025,Upi,Food,230,2025-04,177251.14
02-04-2025,Upi,Food,220,2025-04,177251.14
01-04-2025,Upi,Apparel,600,2025-04,176720.14
01-04-2025,Upi,Food,11,2025-04,176720.14
01-04-2025,Upi,Food,760,2025-04,176720.14
01-04-2025,Upi,Rent,11686,2025-04,176720.14
30-03-2025,Upi,Food,280,2025-03,163663.14
29-03-2025,Upi,Other,360,2025-03,163383.14
28-03-2025,Upi,Transport,295,2025-03,163023.14
27-03-2025,Upi,Food,35,2025-03,162728.14
26-03-2025,Upi,Food,20,2025-03,162693.14
25-03-2025,Upi,Food,645,2025-03,162673.14
24-03-2025,Upi,Food,33,2025-03,162028.14
23-03-2025,Upi,Transport,374,2025-03,161995.14
21-03-2025,Upi,Food,20,2025-03,161621.14
20-03-2025,Upi,Transport,300,2025-03,161601.14
20-03-2025,Cash,Food,72,2025-03,161601.14
19-03-2025,Upi,Food,65,2025-03,161229.14
19-03-2025,Upi,Recharge,470.82,2025-03,161229.14
19-03-2025,Upi,Food,20,2025-03,161229.14
19-03-2025,Upi,Food,50,2025-03,161229.14
18-03-2025,Upi,Food,20,2025-03,160623.32
18-03-2025,Upi,Transport,50,2025-03,160623.32
18-03-2025,Upi,Food,360,2025-03,160623.32
17-03-2025,Upi,Food,25,2025-03,160193.32
16-03-2025,Upi,Recharge,249,2025-03,160168.32
15-03-2025,Upi,Food,247,2025-03,159919.32
15-03-2025,Upi,Transport,300,2025-03,159919.32
13-03-2025,Cash,Food,20,2025-03,159372.32
13-03-2025,Upi,Other,100,2025-03,159372.32
12-03-2025,Upi,Gift,269,2025-03,159252.32
12-03-2025,Upi,Food,25,2025-03,159252.32
12-03-2025,Upi,Beauty,237,2025-03,159252.32
12-03-2025,Upi,Transport,300,2025-03,159252.32
12-03-2025,Upi,Gift,158,2025-03,159252.32
11-03-2025,Upi,Beauty,260,2025-03,158263.32
11-03-2025,Upi,Food,78,2025-03,158263.32
10-03-2025,Upi,Food,11,2025-03,157925.32
09-03-2025,Upi,Social Life,220,2025-03,157914.32
07-03-2025,Upi,Transport,300,2025-03,157694.32
06-03-2025,Upi,Food,13,2025-03,157394.32
05-03-2025,Upi,Beauty,469,2025-03,157381.32
05-03-2025,Upi,Food,30,2025-03,157381.32
05-03-2025,Upi,Food,50,2025-03,157381.32
04-03-2025,Upi,Food,30,2025-03,156832.32
04-03-2025,Upi,Food,215,2025-03,156832.32
03-03-2025,Upi,Rent,11596,2025-03,156587.32
03-03-2025,Upi,Food,42,2025-03,156587.32
01-03-2025,Upi,Food,1040,2025-03,144949.32
01-03-2025,Upi,Recharge,220,2025-03,144949.32
28-02-2025,Upi,Food,106,2025-02,143689.32
27-02-2025,Upi,Food,150,2025-02,143583.32
26-02-2025,Upi,Food,36,2025-02,143433.32
25-02-2025,Upi,Transport,400,2025-02,143397.32
25-02-2025,Upi,Food,30,2025-02,143397.32
25-02-2025,Upi,Food,100,2025-02,143397.32
24-02-2025,Upi,Food,65,2025-02,142867.32
24-02-2025,Upi,Food,46,2025-02,142867.32
24-02-2025,Upi,Gift,422,2025-02,142867.32
23-02-2025,Upi,Social Life,150,2025-02,142334.32
22-02-2025,Upi,Transport,300,2025-02,142184.32
22-02-2025,Upi,Recharge,299,2025-02,142184.32
22-02-2025,Upi,Transport,3511,2025-02,142184.32
20-02-2025,Upi,Food,15,2025-02,138074.32
20-02-2025,Upi,Food,148,2025-02,138074.32
19-02-2025,Upi,Food,43,2025-02,137911.32
19-02-2025,Upi,Apparel,236,2025-02,137911.32
19-02-2025,Upi,Food,50,2025-02,137911.32
18-02-2025,Upi,Food,66,2025-02,137582.32
18-02-2025,Upi,Food,127,2025-02,137582.32
17-02-2025,Upi,Food,16,2025-02,137389.32
17-02-2025,Upi,Food,20,2025-02,137389.32
17-02-2025,Upi,Recharge,471,2025-02,137389.32
17-02-2025,Upi,Transport,200,2025-02,137389.32
16-02-2025,Upi,Recharge,249,2025-02,136682.32
16-02-2025,Upi,Food,60,2025-02,136682.32
15-02-2025,Upi,Food,100,2025-02,136373.32
15-02-2025,Upi,Transport,200,2025-02,136373.32
14-02-2025,Upi,Food,688,2025-02,136073.32
14-02-2025,Upi,Food,50,2025-02,136073.32
14-02-2025,Upi,Household,156,2025-02,136073.32
13-02-2025,Upi,Food,21,2025-02,135179.32
13-02-2025,Upi,Food,70,2025-02,135179.32
12-02-2025,Upi,Food,26,2025-02,135088.32
11-02-2025,Upi,Food,34,2025-02,135062.32
10-02-2025,Upi,Food,140,2025-02,135028.32
10-02-2025,Upi,Food,71,2025-02,135028.32
10-02-2025,Upi,Transport,300,2025-02,135028.32
09-02-2025,Upi,Food,125,2025-02,134517.32
09-02-2025,Upi,Transport,160,2025-02,134517.32
09-02-2025,Upi,Recharge,220,2025-02,134517.32
07-02-2025,Upi,Food,52,2025-02,134012.32
07-02-2025,Upi,Transport,200,2025-02,134012.32
06-02-2025,Upi,Food,56,2025-02,133760.32
06-02-2025,Upi,Food,55,2025-02,133760.32
05-02-2025,Upi,Food,74,2025-02,133649.32
04-02-2025,Upi,Food,95,2025-02,133575.32
03-02-2025,Upi,Food,1090,2025-02,133480.32
03-02-2025,Cash,Food,42,2025-02,133480.32
03-02-2025,Upi,Social Life,195,2025-02,133480.32
02-02-2025,Upi,Food,279,2025-02,132153.32
01-02-2025,Upi,Rent,11498,2025-02,131874.32
01-02-2025,Upi,Food,25,2025-02,131874.32
01-02-2025,Upi,Household,139,2025-02,131874.32
31-01-2025,Upi,Food,169,2025-01,120212.32
30-01-2025,Cash,Transport,300,2025-01,120043.32
29-01-2025,Upi,Food,105,2025-01,119743.32
28-01-2025,Upi,Food,253,2025-01,119638.32
28-01-2025,Cash,Food,85,2025-01,119638.32
27-01-2025,Upi,Food,35,2025-01,119300.32
26-01-2025,Upi,Transport,200,2025-01,119265.32
26-01-2025,Upi,Food,60,2025-01,119265.32
26-01-2025,Upi,Beauty,1119,2025-01,119265.32
25-01-2025,Upi,Food,120,2025-01,117886.32
25-01-2025,Upi,Food,351,2025-01,117886.32
24-01-2025,Cash,Food,45,2025-01,117415.32
23-01-2025,Upi,Food,52,2025-01,117370.32
22-01-2025,Upi,Food,20,2025-01,117318.32
21-01-2025,Upi,Food,40,2025-01,117298.32
20-01-2025,Upi,Transport,133,2025-01,117258.32
20-01-2025,Upi,Food,27,2025-01,117258.32
20-01-2025,Upi,Social Life,310,2025-01,117258.32
20-01-2025,Upi,Food,45,2025-01,117258.32
19-01-2025,Upi,Recharge,249,2025-01,116743.32
19-01-2025,Upi,Household,491,2025-01,116743.32
19-01-2025,Upi,Gift,500,2025-01,116743.32
18-01-2025,Upi,Social Life,510,2025-01,115503.32
18-01-2025,Upi,Transport,300,2025-01,115503.32
17-01-2025,Upi,Recharge,1271,2025-01,114693.32
16-01-2025,Upi,Food,77,2025-01,113422.32
15-01-2025,Cash,Food,56,2025-01,113345.32
15-01-2025,Cash,Transport,100,2025-01,113345.32
15-01-2025,Upi,Food,37,2025-01,113345.32
14-01-2025,Upi,Food,15,2025-01,113152.32
14-01-2025,Upi,Food,467,2025-01,113152.32
14-01-2025,Upi,Other,45,2025-01,113152.32
13-01-2025,Upi,Other,30,2025-01,112625.32
13-01-2025,Upi,Food,226,2025-01,112625.32
13-01-2025,Upi,Food,25,2025-01,112625.32
13-01-2025,Upi,Food,60,2025-01,112625.32
12-01-2025,Upi,Transport,300,2025-01,112284.32
10-01-2025,Cash,Food,50,2025-01,111984.32
09-01-2025,Cash,Food,57,2025-01,111934.32
08-01-2025,Upi,Food,52,2025-01,111877.32
08-01-2025,Upi,Transport,200,2025-01,111877.32
07-01-2025,Upi,Food,36,2025-01,111625.32
05-01-2025,Upi,Social Life,407,2025-01,111589.32
03-01-2025,Cash,Food,42,2025-01,111182.32
03-01-2025,Upi,Transport,400,2025-01,111182.32
02-01-2025,Upi,Food,35,2025-01,110740.32
01-01-2025,Upi,Rent,11517,2025-01,110705.32
01-01-2025,Upi,Food,180,2025-01,110705.32
01-01-2025,Upi,Apparel,608.5,2025-01,110705.32
31-12-2024,Upi,Food,43,2024-12,98399.82
30-12-2024,Cash,Food,43,2024-12,98356.82
30-12-2024,Upi,Recharge,509,2024-12,98356.82
26-12-2024,Upi,Food,27,2024-12,97804.82
25-12-2024,Upi,Transport,300,2024-12,97777.82
25-12-2024,Upi,Food,606,2024-12,97777.82
24-12-2024,Upi,Food,42,2024-12,96871.82
23-12-2024,Upi,Food,43,2024-12,96829.82
23-12-2024,Upi,Food,105,2024-12,96829.82
23-12-2024,Upi,Transport,300,2024-12,96829.82
22-12-2024,Upi,Social Life,99,2024-12,96381.82
22-12-2024,Upi,Transport,259,2024-12,96381.82
22-12-2024,Upi,Food,185,2024-12,96381.82
21-12-2024,Upi,Recharge,249,2024-12,95838.82
20-12-2024,Upi,Food,42,2024-12,95589.82
19-12-2024,Upi,Food,53,2024-12,95547.82
18-12-2024,Upi,Social Life,90,2024-12,95494.82
18-12-2024,Upi,Food,119,2024-12,95494.82
18-12-2024,Upi,Food,60,2024-12,95494.82
17-12-2024,Upi,Food,79,2024-12,95225.82
17-12-2024,Upi,Food,303,2024-12,95225.82
16-12-2024,Upi,Social Life,277,2024-12,94843.82
16-12-2024,Upi,Apparel,152,2024-12,94843.82
15-12-2024,Upi,Transport,300,2024-12,94414.82
14-12-2024,Upi,Beauty,842,2024-12,94114.82
12-12-2024,Upi,Food,27,2024-12,93272.82
12-12-2024,Cash,Food,100,2024-12,93272.82
11-12-2024,Upi,Food,53,2024-12,93145.82
10-12-2024,Upi,Apparel,498,2024-12,93092.82
10-12-2024,Upi,Food,35,2024-12,93092.82
10-12-2024,Upi,Apparel,394,2024-12,93092.82
09-12-2024,Upi,Food,27,2024-12,92165.82
07-12-2024,Upi,Food,1260,2024-12,92138.82
06-12-2024,Upi,Food,26,2024-12,90878.82
05-12-2024,Upi,Food,27,2024-12,90852.82
05-12-2024,Upi,Food,245,2024-12,90852.82
04-12-2024,Upi,Food,56,2024-12,90580.82
03-12-2024,Upi,Food,56,2024-12,90524.82
02-12-2024,Upi,Transport,300,2024-12,90468.82
02-12-2024,Upi,Food,426,2024-12,90468.82
02-12-2024,Upi,Rent,239,2024-12,90468.82
02-12-2024,Upi,Food,32,2024-12,90468.82
01-12-2024,Upi,Recharge,220,2024-12,89471.82
01-12-2024,Upi,Rent,11400,2024-12,89471.82
29-11-2024,Upi,Food,41,2024-11,77851.82
27-11-2024,Upi,Food,42,2024-11,77810.82
27-11-2024,Upi,Food,340,2024-11,77810.82
27-11-2024,Upi,Food,40,2024-11,77810.82
25-11-2024,Upi,Transport,300,2024-11,77388.82
25-11-2024,Upi,Food,25,2024-11,77388.82
24-11-2024,Upi,Recharge,249,2024-11,77063.82
22-11-2024,Upi,Other,299,2024-11,76814.82
21-11-2024,Upi,Food,100,2024-11,76515.82
21-11-2024,Upi,Food,39,2024-11,76515.82
21-11-2024,Upi,Apparel,899,2024-11,76515.82
20-11-2024,Upi,Food,200,2024-11,75477.82
20-11-2024,Upi,Food,20,2024-11,75477.82
19-11-2024,Upi,Food,55,2024-11,75257.82
18-11-2024,Upi,Food,71,2024-11,75202.82
17-11-2024,Cash,Other,100,2024-11,75131.82
15-11-2024,Upi,Food,30,2024-11,75031.82
15-11-2024,Upi,Food,213,2024-11,75031.82
14-11-2024,Upi,Transport,200,2024-11,74788.82
12-11-2024,Cash,Food,48,2024-11,74588.82
11-11-2024,Upi,Recharge,220,2024-11,74540.82
09-11-2024,Upi,Transport,200,2024-11,74320.82
09-11-2024,Upi,Social Life,400,2024-11,74320.82
09-11-2024,Upi,Food,400,2024-11,74320.82
08-11-2024,Upi,Food,39,2024-11,73320.82
07-11-2024,Upi,Recharge,666,2024-11,73281.82
07-11-2024,Cash,Food,32,2024-11,73281.82
07-11-2024,Upi,Recharge,666,2024-11,73281.82
06-11-2024,Cash,Food,56,2024-11,71917.82
05-11-2024,Upi,Other,169,2024-11,71861.82
05-11-2024,Upi,Food,759,2024-11,71861.82
04-11-2024,Upi,Food,33,2024-11,70933.82
03-11-2024,Upi,Food,108,2024-11,70900.82
02-11-2024,Upi,Rent,11400,2024-11,70792.82
02-11-2024,Upi,Household,293,2024-11,70792.82
01-11-2024,Upi,Food,140,2024-11,59099.82
01-11-2024,Upi,Transport,881,2024-11,59099.82
01-11-2024,Upi,Food,140,2024-11,59099.82
31-10-2024,Upi,Social Life,263,2024-10,57938.82
31-10-2024,Upi,Food,25,2024-10,57938.82
29-10-2024,Upi,Food,152,2024-10,57650.82
28-10-2024,Upi,Food,15,2024-10,57498.82
27-10-2024,Upi,Transport,300,2024-10,57483.82
26-10-2024,Upi,Social Life,568,2024-10,57183.82
24-10-2024,Upi,Apparel,810,2024-10,56615.82
24-10-2024,Cash,Food,20,2024-10,56615.82
23-10-2024,Upi,Food,22,2024-10,55785.82
22-10-2024,Cash,Food,77,2024-10,55763.82
20-10-2024,Upi,Household,350,2024-10,55686.82
19-10-2024,Upi,Food,300,2024-10,55336.82
18-10-2024,Upi,Recharge,690.82,2024-10,55036.82
17-10-2024,Cash,Food,40,2024-10,54346
17-10-2024,Cash,Food,200,2024-10,54346
17-10-2024,Cash,Household,240,2024-10,54346
15-10-2024,Upi,Food,20,2024-10,53866
15-10-2024,Cash,Health,89,2024-10,53866
09-10-2024,Upi,Food,40,2024-10,53757
08-10-2024,Upi,Food,37,2024-10,53717
08-10-2024,Upi,Transport,300,2024-10,53717
08-10-2024,Upi,Household,861,2024-10,53717
08-10-2024,Upi,Food,399,2024-10,53717
08-10-2024,Cash,Household,1200,2024-10,53717
07-10-2024,Upi,Food,15,2024-10,50920
07-10-2024,Upi,Food,35,2024-10,50920
06-10-2024,Cash,Food,288,2024-10,50870
06-10-2024,Upi,Household,455,2024-10,50870
06-10-2024,Cash,Transport,65,2024-10,50870
05-10-2024,Cash,Food,20,2024-10,50062
05-10-2024,Cash,Other,100,2024-10,50062
05-10-2024,Upi,Food,180,2024-10,50062
05-10-2024,Upi,Rent,400,2024-10,50062
05-10-2024,Cash,Transport,62,2024-10,50062
04-10-2024,Cash,Food,100,2024-10,49300
04-10-2024,Cash,Transport,200,2024-10,49300
04-10-2024,Upi,Recharge,3000,2024-10,49300
02-10-2024,Upi,Rent,46000,2024-10,46000
